<?xml version="1.0" encoding="UTF-8"?>
<odoo>
    <data noupdate="0">

        <record id="crm_lead_rule_portal_user" model="ir.rule">
            <field name="name">Leads visibles por el usuario portal</field>
            <field name="model_id" ref="crm.model_crm_lead"/>
            <field name="domain_force">[('user_id', '=', user.id)]</field>
            <field name="groups" eval="[(4, ref('base.group_portal'))]"/>
            <field name="perm_read" eval="1"/>
            <field name="perm_write" eval="0"/>
            <field name="perm_create" eval="1"/>
            <field name="perm_unlink" eval="0"/>
        </record>

    </data>
</odoo>